trade_id,asset,side,entry_date,entry_price,exit_date,exit_price,lots,pnl_usd,pnl_pct,hold_days,exit_reason,is_dry_run
100001,GBPJPY,LONG,2018-01-03,0.0,2018-01-12,0.0,2.0,-204.76,-0.4095,9,signal_flip,False
100000,EURUSD,LONG,2018-01-03,0.0,2018-01-17,0.0,2.0,13.98,0.028,14,signal_flip,False
100002,GBPJPY,SHORT,2018-01-12,0.0,2018-01-16,0.0,2.0,228.87,0.4577,4,signal_flip,False
100003,EURUSD,SHORT,2018-01-17,0.0,2018-01-19,0.0,2.0,-2.65,-0.0053,2,signal_flip,False
100004,GBPJPY,SHORT,2018-01-18,0.0,2018-01-19,0.0,2.0,0.0,0.0,1,signal_flip,False
100005,GBPJPY,LONG,2018-01-22,0.0,2018-01-25,0.0,2.0,183.9,0.3678,3,signal_flip,False
100006,EURUSD,LONG,2018-01-24,0.0,2018-01-31,0.0,2.0,-287.16,-0.5743,7,signal_flip,False
100007,GBPJPY,SHORT,2018-01-31,0.0,2018-02-01,0.0,2.0,0.0,0.0,1,signal_flip,False
100009,GBPJPY,SHORT,2018-02-07,0.0,2018-02-13,0.0,2.0,232.54,0.4651,6,signal_flip,False
100008,EURUSD,SHORT,2018-02-07,0.0,2018-02-08,0.0,2.0,89.75,0.1795,1,signal_flip,False
100010,EURUSD,LONG,2018-02-13,0.0,2018-02-23,0.0,2.0,141.97,0.2839,10,signal_flip,False
100011,GBPJPY,SHORT,2018-02-23,0.0,2018-02-26,0.0,2.0,-91.0,-0.182,3,signal_flip,False
100012,EURUSD,LONG,2018-02-27,0.0,2018-03-01,0.0,2.0,-112.09,-0.2242,2,signal_flip,False
100013,GBPJPY,SHORT,2018-02-27,0.0,2018-03-09,0.0,2.0,-79.75,-0.1595,10,signal_flip,False
100014,EURUSD,LONG,2018-03-12,0.0,2018-03-15,0.0,2.0,84.48,0.169,3,signal_flip,False
100015,GBPJPY,SHORT,2018-03-12,0.0,2018-03-22,0.0,2.0,-99.4,-0.1988,10,signal_flip,False
100016,EURUSD,LONG,2018-03-16,0.0,2018-03-23,0.0,2.0,-36.99,-0.074,7,signal_flip,False
100017,GBPJPY,SHORT,2018-03-23,0.0,2018-04-06,0.0,2.0,86.24,0.1725,14,signal_flip,False
100018,EURUSD,LONG,2018-03-26,0.0,2018-03-28,0.0,2.0,184.57,0.3691,2,signal_flip,False
100019,EURUSD,LONG,2018-04-02,0.0,2018-04-12,0.0,2.0,259.09,0.5182,10,signal_flip,False
100020,GBPJPY,SHORT,2018-04-09,0.0,2018-04-10,0.0,2.0,76.76,0.1535,1,signal_flip,False
100021,GBPJPY,LONG,2018-04-12,0.0,2018-04-13,0.0,2.0,72.24,0.1445,1,signal_flip,False
100022,EURUSD,LONG,2018-04-13,0.0,2018-06-01,0.0,2.0,-1339.96,-2.6799,49,signal_flip,False
100023,GBPJPY,LONG,2018-04-16,0.0,2018-04-20,0.0,2.0,-148.77,-0.2975,4,signal_flip,False
100024,GBPJPY,LONG,2018-04-26,0.0,2018-05-01,0.0,2.0,-251.52,-0.503,5,signal_flip,False
100025,GBPJPY,SHORT,2018-05-01,0.0,2018-05-02,0.0,2.0,0.0,0.0,1,signal_flip,False
100026,GBPJPY,LONG,2018-05-11,0.0,2018-05-14,0.0,2.0,84.7,0.1694,3,signal_flip,False
100027,GBPJPY,LONG,2018-05-16,0.0,2018-05-25,0.0,2.0,-418.77,-0.8375,9,signal_flip,False
100028,EURUSD,SHORT,2018-06-01,0.0,2018-06-05,0.0,2.0,-439.87,-0.8797,4,signal_flip,False
100029,GBPJPY,SHORT,2018-06-04,0.0,2018-06-05,0.0,2.0,-4.6,-0.0092,1,signal_flip,False
100030,EURUSD,LONG,2018-06-06,0.0,2018-06-07,0.0,2.0,239.59,0.4792,1,signal_flip,False
100031,GBPJPY,LONG,2018-06-07,0.0,2018-06-12,0.0,2.0,-129.15,-0.2583,5,signal_flip,False
100032,EURUSD,LONG,2018-06-11,0.0,2018-06-15,0.0,2.0,-15.76,-0.0315,4,signal_flip,False
100033,GBPJPY,LONG,2018-06-13,0.0,2018-06-20,0.0,2.0,81.22,0.1624,7,signal_flip,False
100034,GBPJPY,SHORT,2018-06-22,0.0,2018-06-25,0.0,2.0,0.0,0.0,3,signal_flip,False
100035,EURUSD,SHORT,2018-06-25,0.0,2018-06-26,0.0,2.0,0.0,0.0,1,signal_flip,False
100036,EURUSD,SHORT,2018-06-27,0.0,2018-06-28,0.0,2.0,190.47,0.3809,1,signal_flip,False
100037,EURUSD,SHORT,2018-07-03,0.0,2018-07-13,0.0,2.0,309.66,0.6193,10,signal_flip,False
100038,GBPJPY,LONG,2018-07-09,0.0,2018-07-23,0.0,2.0,239.13,0.4783,14,signal_flip,False
100039,EURUSD,SHORT,2018-07-17,0.0,2018-07-18,0.0,2.0,-169.57,-0.3391,1,signal_flip,False
100040,EURUSD,LONG,2018-07-19,0.0,2018-07-20,0.0,2.0,11.66,0.0233,1,signal_flip,False
100041,GBPJPY,LONG,2018-07-24,0.0,2018-08-13,0.0,2.0,-1016.74,-2.0335,20,signal_flip,False
100042,EURUSD,LONG,2018-08-07,0.0,2018-08-14,0.0,2.0,-281.09,-0.5622,7,signal_flip,False
100043,EURUSD,LONG,2018-08-15,0.0,2018-08-17,0.0,2.0,0.0,0.0,2,signal_flip,False
100044,GBPJPY,LONG,2018-08-20,0.0,2018-08-22,0.0,2.0,390.86,0.7817,2,signal_flip,False
100045,EURUSD,LONG,2018-08-22,0.0,2018-09-04,0.0,2.0,470.55,0.9411,13,signal_flip,False
100046,GBPJPY,LONG,2018-08-23,0.0,2018-09-04,0.0,2.0,474.1,0.9482,12,signal_flip,False
100047,EURUSD,LONG,2018-09-05,0.0,2018-09-07,0.0,2.0,-4.32,-0.0086,2,signal_flip,False
100048,GBPJPY,SHORT,2018-09-05,0.0,2018-09-12,0.0,2.0,-34.28,-0.0686,7,signal_flip,False
100049,EURUSD,LONG,2018-09-11,0.0,2018-10-15,0.0,2.0,273.17,0.5463,34,signal_flip,False
100050,GBPJPY,LONG,2018-09-14,0.0,2018-09-25,0.0,2.0,291.19,0.5824,11,signal_flip,False
100051,GBPJPY,SHORT,2018-10-01,0.0,2018-10-02,0.0,2.0,17.35,0.0347,1,signal_flip,False
100052,GBPJPY,SHORT,2018-10-05,0.0,2018-10-09,0.0,2.0,-21.53,-0.0431,4,signal_flip,False
100053,GBPJPY,SHORT,2018-10-10,0.0,2018-10-17,0.0,2.0,-45.08,-0.0902,7,signal_flip,False
100054,EURUSD,LONG,2018-10-16,0.0,2018-11-15,0.0,2.0,486.23,0.9725,30,signal_flip,False
100055,GBPJPY,SHORT,2018-10-22,0.0,2018-10-23,0.0,2.0,-77.47,-0.1549,1,signal_flip,False
100056,GBPJPY,SHORT,2018-10-24,0.0,2018-11-01,0.0,2.0,-76.93,-0.1539,8,signal_flip,False
100057,GBPJPY,LONG,2018-11-05,0.0,2018-11-13,0.0,2.0,-218.13,-0.4363,8,signal_flip,False
100058,GBPJPY,SHORT,2018-11-14,0.0,2018-11-29,0.0,2.0,614.25,1.2285,15,signal_flip,False
100059,EURUSD,LONG,2018-11-16,0.0,2018-11-20,0.0,2.0,217.87,0.4357,4,signal_flip,False
100060,EURUSD,LONG,2018-11-23,0.0,2018-11-27,0.0,2.0,-112.24,-0.2245,4,signal_flip,False
100061,EURUSD,LONG,2018-11-28,0.0,2018-12-03,0.0,2.0,1.66,0.0033,5,signal_flip,False
100062,GBPJPY,SHORT,2018-11-30,0.0,2018-12-03,0.0,2.0,-76.58,-0.1532,3,signal_flip,False
100063,EURUSD,LONG,2018-12-04,0.0,2018-12-24,0.0,2.0,232.76,0.4655,20,signal_flip,False
100064,GBPJPY,SHORT,2018-12-06,0.0,2018-12-12,0.0,2.0,61.02,0.122,6,signal_flip,False
100065,GBPJPY,SHORT,2018-12-18,0.0,2018-12-24,0.0,2.0,402.88,0.8058,6,signal_flip,False
100066,EURUSD,LONG,2018-12-26,0.0,2018-12-31,0.0,2.0,72.31,0.1446,5,signal_flip,False
100067,GBPJPY,SHORT,2018-12-31,0.0,2019-01-02,0.0,2.0,0.0,0.0,2,signal_flip,False
100068,GBPJPY,SHORT,2019-01-04,0.0,2019-01-15,0.0,2.0,286.18,0.5724,11,signal_flip,False
100069,EURUSD,SHORT,2019-01-09,0.0,2019-01-10,0.0,2.0,127.8,0.2556,1,signal_flip,False
100070,GBPJPY,SHORT,2019-01-16,0.0,2019-01-18,0.0,2.0,-89.75,-0.1795,2,signal_flip,False
100071,GBPJPY,SHORT,2019-01-24,0.0,2019-02-14,0.0,2.0,649.43,1.2989,21,signal_flip,False
100072,EURUSD,SHORT,2019-02-01,0.0,2019-02-04,0.0,2.0,3.92,0.0078,3,signal_flip,False
100073,EURUSD,LONG,2019-02-05,0.0,2019-02-06,0.0,2.0,-147.54,-0.2951,1,signal_flip,False
100074,EURUSD,LONG,2019-02-14,0.0,2019-02-15,0.0,2.0,276.78,0.5536,1,signal_flip,False
100075,GBPJPY,SHORT,2019-02-19,0.0,2019-02-26,0.0,2.0,630.79,1.2616,7,signal_flip,False
100076,EURUSD,LONG,2019-02-22,0.0,2019-03-07,0.0,2.0,466.46,0.9329,13,signal_flip,False
100077,GBPJPY,LONG,2019-02-28,0.0,2019-03-11,0.0,2.0,156.26,0.3125,11,signal_flip,False
100078,EURUSD,LONG,2019-03-14,0.0,2019-03-22,0.0,2.0,515.03,1.0301,8,signal_flip,False
100079,GBPJPY,SHORT,2019-03-14,0.0,2019-03-15,0.0,2.0,-75.06,-0.1501,1,signal_flip,False
100080,GBPJPY,SHORT,2019-03-21,0.0,2019-04-01,0.0,2.0,75.94,0.1519,11,signal_flip,False
100081,EURUSD,LONG,2019-03-25,0.0,2019-03-26,0.0,2.0,-45.14,-0.0903,1,signal_flip,False
100082,EURUSD,LONG,2019-04-02,0.0,2019-04-03,0.0,2.0,54.14,0.1083,1,signal_flip,False
100083,EURUSD,LONG,2019-04-04,0.0,2019-04-23,0.0,2.0,-281.81,-0.5636,19,signal_flip,False
100084,GBPJPY,SHORT,2019-04-10,0.0,2019-04-15,0.0,2.0,244.99,0.49,5,signal_flip,False
100085,GBPJPY,LONG,2019-04-15,0.0,2019-04-18,0.0,2.0,-86.7,-0.1734,3,signal_flip,False
100086,EURUSD,LONG,2019-04-24,0.0,2019-04-25,0.0,2.0,-6.77,-0.0135,1,signal_flip,False
100087,GBPJPY,SHORT,2019-04-25,0.0,2019-04-29,0.0,2.0,60.4,0.1208,4,signal_flip,False
100088,EURUSD,LONG,2019-04-29,0.0,2019-04-30,0.0,2.0,200.95,0.4019,1,signal_flip,False
100089,GBPJPY,SHORT,2019-04-30,0.0,2019-05-02,0.0,2.0,-7.29,-0.0146,2,signal_flip,False
100090,EURUSD,LONG,2019-05-01,0.0,2019-05-20,0.0,2.0,-80.28,-0.1606,19,signal_flip,False
100091,GBPJPY,LONG,2019-05-03,0.0,2019-05-08,0.0,2.0,261.72,0.5234,5,signal_flip,False
100092,EURUSD,LONG,2019-05-23,0.0,2019-05-31,0.0,2.0,393.35,0.7867,8,signal_flip,False
100093,EURUSD,LONG,2019-06-03,0.0,2019-07-09,0.0,2.0,-10.9,-0.0218,36,signal_flip,False
100094,GBPJPY,LONG,2019-06-10,0.0,2019-06-19,0.0,2.0,-516.15,-1.0323,9,signal_flip,False
100095,GBPJPY,LONG,2019-06-20,0.0,2019-06-27,0.0,2.0,409.88,0.8198,7,signal_flip,False
100096,GBPJPY,LONG,2019-07-01,0.0,2019-07-05,0.0,2.0,-267.11,-0.5342,4,signal_flip,False
100097,EURUSD,LONG,2019-07-11,0.0,2019-07-24,0.0,2.0,-195.55,-0.3911,13,signal_flip,False
100098,GBPJPY,LONG,2019-07-12,0.0,2019-07-17,0.0,2.0,-145.16,-0.2903,5,signal_flip,False
100099,GBPJPY,LONG,2019-07-26,0.0,2019-07-30,0.0,2.0,-317.42,-0.6348,4,signal_flip,False
100100,GBPJPY,SHORT,2019-07-31,0.0,2019-08-23,0.0,2.0,-659.87,-1.3197,23,signal_flip,False
100101,EURUSD,LONG,2019-08-01,0.0,2019-08-07,0.0,2.0,-488.83,-0.9777,6,signal_flip,False
100102,EURUSD,LONG,2019-08-09,0.0,2019-08-16,0.0,2.0,-104.39,-0.2088,7,signal_flip,False
100103,EURUSD,LONG,2019-08-22,0.0,2019-08-27,0.0,2.0,290.45,0.5809,5,signal_flip,False
100104,GBPJPY,SHORT,2019-08-27,0.0,2019-09-06,0.0,2.0,721.2,1.4424,10,signal_flip,False
100105,EURUSD,SHORT,2019-08-30,0.0,2019-09-03,0.0,2.0,137.18,0.2744,4,signal_flip,False
100106,EURUSD,LONG,2019-09-06,0.0,2019-09-09,0.0,2.0,-163.54,-0.3271,3,signal_flip,False
100108,GBPJPY,SHORT,2019-09-10,0.0,2019-09-11,0.0,2.0,37.6,0.0752,1,signal_flip,False
100107,EURUSD,LONG,2019-09-10,0.0,2019-09-12,0.0,2.0,-94.82,-0.1896,2,signal_flip,False
100109,GBPJPY,SHORT,2019-09-12,0.0,2019-09-13,0.0,2.0,243.95,0.4879,1,signal_flip,False
100110,EURUSD,LONG,2019-09-13,0.0,2019-09-24,0.0,2.0,660.97,1.3219,11,signal_flip,False
100111,GBPJPY,SHORT,2019-09-25,0.0,2019-10-10,0.0,2.0,477.54,0.9551,15,signal_flip,False
100112,EURUSD,LONG,2019-09-26,0.0,2019-09-30,0.0,2.0,74.38,0.1488,4,signal_flip,False
100113,EURUSD,LONG,2019-10-04,0.0,2019-10-07,0.0,2.0,49.46,0.0989,3,signal_flip,False
100114,EURUSD,LONG,2019-10-08,0.0,2019-10-23,0.0,2.0,2714.97,5.4299,15,signal_flip,False
100115,GBPJPY,SHORT,2019-10-11,0.0,2019-10-14,0.0,2.0,301.48,0.603,3,signal_flip,False
100116,GBPJPY,LONG,2019-10-23,0.0,2019-10-24,0.0,2.0,-73.8,-0.1476,1,signal_flip,False
100117,EURUSD,LONG,2019-10-24,0.0,2020-01-02,0.0,2.0,1243.51,2.487,70,signal_flip,False
100118,GBPJPY,LONG,2019-11-06,0.0,2019-11-12,0.0,2.0,-210.08,-0.4202,6,signal_flip,False
100119,GBPJPY,LONG,2019-11-13,0.0,2019-12-02,0.0,2.0,-120.78,-0.2416,19,signal_flip,False
100120,GBPJPY,LONG,2019-12-06,0.0,2019-12-10,0.0,2.0,-212.03,-0.4241,4,signal_flip,False
100121,GBPJPY,SHORT,2019-12-12,0.0,2019-12-13,0.0,2.0,867.19,1.7344,1,signal_flip,False
100122,GBPJPY,LONG,2019-12-13,0.0,2019-12-16,0.0,2.0,-215.33,-0.4307,3,signal_flip,False
100123,GBPJPY,SHORT,2019-12-18,0.0,2019-12-23,0.0,2.0,-141.97,-0.2839,5,signal_flip,False
100124,GBPJPY,SHORT,2019-12-30,0.0,2019-12-31,0.0,2.0,89.13,0.1783,1,signal_flip,False
100125,EURUSD,LONG,2020-01-06,0.0,2020-01-08,0.0,2.0,-114.96,-0.2299,2,signal_flip,False
100126,GBPJPY,SHORT,2020-01-06,0.0,2020-01-10,0.0,2.0,-94.08,-0.1882,4,signal_flip,False
100127,GBPJPY,SHORT,2020-01-13,0.0,2020-01-15,0.0,2.0,-16.56,-0.0331,2,signal_flip,False
100128,EURUSD,LONG,2020-01-14,0.0,2020-01-22,0.0,2.0,-269.3,-0.5386,8,signal_flip,False
100129,GBPJPY,SHORT,2020-01-16,0.0,2020-01-17,0.0,2.0,-45.73,-0.0915,1,signal_flip,False
100130,GBPJPY,LONG,2020-01-21,0.0,2020-01-22,0.0,2.0,-19.15,-0.0383,1,signal_flip,False
100131,GBPJPY,SHORT,2020-01-22,0.0,2020-02-13,0.0,2.0,-794.42,-1.5888,22,signal_flip,False
100132,EURUSD,LONG,2020-02-03,0.0,2020-02-04,0.0,2.0,-98.9,-0.1978,1,signal_flip,False
100133,EURUSD,LONG,2020-02-05,0.0,2020-02-10,0.0,2.0,-80.54,-0.1611,5,signal_flip,False
100134,GBPJPY,SHORT,2020-02-14,0.0,2020-02-18,0.0,2.0,-42.19,-0.0844,4,signal_flip,False
100135,EURUSD,LONG,2020-02-20,0.0,2020-03-05,0.0,2.0,906.38,1.8128,14,signal_flip,False
100136,GBPJPY,SHORT,2020-02-21,0.0,2020-02-24,0.0,2.0,0.0,0.0,3,signal_flip,False
100137,GBPJPY,SHORT,2020-02-25,0.0,2020-04-01,0.0,2.0,2567.31,5.1346,36,signal_flip,False
100138,EURUSD,LONG,2020-03-19,0.0,2020-03-20,0.0,2.0,-2.05,-0.0041,1,signal_flip,False
100139,EURUSD,LONG,2020-03-25,0.0,2020-03-30,0.0,2.0,-81.02,-0.162,5,signal_flip,False
100140,EURUSD,LONG,2020-04-03,0.0,2020-04-09,0.0,2.0,0.0,0.0,6,signal_flip,False
100141,EURUSD,LONG,2020-04-13,0.0,2020-04-14,0.0,2.0,-2.38,-0.0048,1,signal_flip,False
100142,EURUSD,LONG,2020-04-17,0.0,2020-04-23,0.0,2.0,212.24,0.4245,6,signal_flip,False
100143,GBPJPY,SHORT,2020-04-21,0.0,2020-04-23,0.0,2.0,114.03,0.2281,2,signal_flip,False
100144,EURUSD,LONG,2020-04-28,0.0,2020-05-01,0.0,2.0,453.56,0.9071,3,signal_flip,False
100145,EURUSD,LONG,2020-05-06,0.0,2020-05-07,0.0,2.0,-158.5,-0.317,1,signal_flip,False
100146,EURUSD,LONG,2020-05-08,0.0,2020-05-14,0.0,2.0,103.92,0.2078,6,signal_flip,False
100147,GBPJPY,LONG,2020-05-11,0.0,2020-05-12,0.0,2.0,-68.65,-0.1373,1,signal_flip,False
100148,GBPJPY,SHORT,2020-05-18,0.0,2020-05-19,0.0,2.0,754.1,1.5082,1,signal_flip,False
100149,EURUSD,LONG,2020-05-19,0.0,2020-05-20,0.0,2.0,52.73,0.1055,1,signal_flip,False
100150,EURUSD,LONG,2020-05-21,0.0,2020-06-01,0.0,2.0,558.11,1.1162,11,signal_flip,False
100151,EURUSD,LONG,2020-06-02,0.0,2020-06-09,0.0,2.0,649.69,1.2994,7,signal_flip,False
100152,GBPJPY,LONG,2020-06-03,0.0,2020-06-10,0.0,2.0,493.73,0.9875,7,signal_flip,False
100153,EURUSD,LONG,2020-06-10,0.0,2020-06-11,0.0,2.0,170.26,0.3405,1,signal_flip,False
100154,GBPJPY,SHORT,2020-06-12,0.0,2020-06-23,0.0,2.0,388.43,0.7769,11,signal_flip,False
100155,EURUSD,LONG,2020-06-15,0.0,2020-06-18,0.0,2.0,142.72,0.2854,3,signal_flip,False
100156,EURUSD,LONG,2020-06-19,0.0,2020-06-22,0.0,2.0,-2.55,-0.0051,3,signal_flip,False
100157,EURUSD,LONG,2020-06-23,0.0,2020-06-26,0.0,2.0,-118.13,-0.2363,3,signal_flip,False
100158,EURUSD,LONG,2020-06-29,0.0,2020-07-01,0.0,2.0,-24.66,-0.0493,2,signal_flip,False
100159,EURUSD,LONG,2020-07-07,0.0,2020-07-08,0.0,2.0,7.28,0.0146,1,signal_flip,False
100160,EURUSD,LONG,2020-07-14,0.0,2020-07-15,0.0,2.0,275.95,0.5519,1,signal_flip,False
100161,GBPJPY,LONG,2020-07-15,0.0,2020-07-23,0.0,2.0,674.92,1.3498,8,signal_flip,False
100162,GBPJPY,LONG,2020-07-27,0.0,2020-07-29,0.0,2.0,320.98,0.642,2,signal_flip,False
100163,GBPJPY,LONG,2020-07-30,0.0,2020-08-25,0.0,2.0,-616.52,-1.233,26,signal_flip,False
100164,EURUSD,SHORT,2020-08-06,0.0,2020-08-07,0.0,2.0,0.0,0.0,1,signal_flip,False
100165,EURUSD,LONG,2020-08-12,0.0,2020-08-14,0.0,2.0,268.47,0.5369,2,signal_flip,False
100166,EURUSD,LONG,2020-08-19,0.0,2020-08-24,0.0,2.0,-212.58,-0.4252,5,signal_flip,False
100167,EURUSD,LONG,2020-08-26,0.0,2020-09-01,0.0,2.0,172.76,0.3455,6,signal_flip,False
100168,GBPJPY,LONG,2020-08-27,0.0,2020-09-02,0.0,2.0,172.76,0.3455,6,signal_flip,False
100169,GBPJPY,LONG,2020-09-03,0.0,2020-09-04,0.0,2.0,0.0,0.0,1,signal_flip,False
100170,GBPJPY,SHORT,2020-09-08,0.0,2020-09-09,0.0,2.0,829.81,1.6596,1,signal_flip,False
100171,EURUSD,LONG,2020-09-10,0.0,2020-09-11,0.0,2.0,267.1,0.5342,1,signal_flip,False
100172,GBPJPY,SHORT,2020-09-10,0.0,2020-09-14,0.0,2.0,260.15,0.5203,4,signal_flip,False
100173,EURUSD,LONG,2020-09-14,0.0,2020-09-17,0.0,2.0,-89.73,-0.1795,3,signal_flip,False
100174,GBPJPY,LONG,2020-09-16,0.0,2020-09-18,0.0,2.0,183.92,0.3678,2,signal_flip,False
100175,EURUSD,LONG,2020-09-25,0.0,2020-09-28,0.0,2.0,-264.51,-0.529,3,signal_flip,False
100177,GBPJPY,SHORT,2020-09-30,0.0,2020-10-01,0.0,2.0,-45.25,-0.0905,1,signal_flip,False
100176,EURUSD,LONG,2020-09-30,0.0,2020-10-07,0.0,2.0,173.58,0.3472,7,signal_flip,False
100178,GBPJPY,LONG,2020-10-06,0.0,2020-10-07,0.0,2.0,-139.05,-0.2781,1,signal_flip,False
100179,EURUSD,LONG,2020-10-08,0.0,2020-10-19,0.0,2.0,-348.19,-0.6964,11,signal_flip,False
100180,GBPJPY,SHORT,2020-10-20,0.0,2020-10-21,0.0,2.0,287.88,0.5758,1,signal_flip,False
100181,EURUSD,LONG,2020-10-21,0.0,2020-10-29,0.0,2.0,493.63,0.9873,8,signal_flip,False
100182,GBPJPY,LONG,2020-10-22,0.0,2020-10-23,0.0,2.0,-145.38,-0.2908,1,signal_flip,False
100183,GBPJPY,LONG,2020-10-26,0.0,2020-10-27,0.0,2.0,-79.26,-0.1585,1,signal_flip,False
100184,EURUSD,LONG,2020-11-03,0.0,2020-11-04,0.0,2.0,-47.41,-0.0948,1,signal_flip,False
100185,GBPJPY,LONG,2020-11-04,0.0,2020-11-06,0.0,2.0,-542.72,-1.0854,2,signal_flip,False
100186,EURUSD,LONG,2020-11-05,0.0,2020-12-24,0.0,2.0,712.06,1.4241,49,signal_flip,False
100187,GBPJPY,SHORT,2020-11-06,0.0,2020-11-09,0.0,2.0,156.9,0.3138,3,signal_flip,False
100188,GBPJPY,LONG,2020-11-11,0.0,2020-11-16,0.0,2.0,-132.92,-0.2658,5,signal_flip,False
100189,GBPJPY,LONG,2020-11-25,0.0,2020-12-01,0.0,2.0,20.82,0.0416,6,signal_flip,False
100190,GBPJPY,LONG,2020-12-02,0.0,2020-12-07,0.0,2.0,31.92,0.0638,5,signal_flip,False
100191,GBPJPY,SHORT,2020-12-10,0.0,2020-12-11,0.0,2.0,126.66,0.2533,1,signal_flip,False
100192,GBPJPY,SHORT,2020-12-15,0.0,2020-12-16,0.0,2.0,-128.55,-0.2571,1,signal_flip,False
100193,GBPJPY,LONG,2020-12-17,0.0,2020-12-22,0.0,2.0,-204.89,-0.4098,5,signal_flip,False
100194,GBPJPY,SHORT,2020-12-22,0.0,2020-12-24,0.0,2.0,-9.01,-0.018,2,signal_flip,False
100195,EURUSD,LONG,2020-12-29,0.0,2020-12-31,0.0,2.0,381.66,0.7633,2,signal_flip,False
100196,EURUSD,LONG,2021-01-05,0.0,2021-01-19,0.0,2.0,284.8,0.5696,14,signal_flip,False
100197,GBPJPY,SHORT,2021-01-06,0.0,2021-01-07,0.0,2.0,59.97,0.1199,1,signal_flip,False
100198,GBPJPY,LONG,2021-01-08,0.0,2021-01-19,0.0,2.0,-227.18,-0.4544,11,signal_flip,False
100199,EURUSD,LONG,2021-01-20,0.0,2021-01-28,0.0,2.0,175.11,0.3502,8,signal_flip,False
100200,GBPJPY,LONG,2021-01-21,0.0,2021-01-26,0.0,2.0,171.49,0.343,5,signal_flip,False
100201,GBPJPY,LONG,2021-01-27,0.0,2021-01-28,0.0,2.0,-8.76,-0.0175,1,signal_flip,False
100202,GBPJPY,LONG,2021-02-02,0.0,2021-03-01,0.0,2.0,1960.23,3.9205,27,signal_flip,False
100203,EURUSD,LONG,2021-02-03,0.0,2021-02-04,0.0,2.0,-37.59,-0.0752,1,signal_flip,False
100204,EURUSD,LONG,2021-02-08,0.0,2021-03-02,0.0,2.0,928.08,1.8562,22,signal_flip,False
100205,GBPJPY,LONG,2021-03-02,0.0,2021-03-04,0.0,2.0,30.51,0.061,2,signal_flip,False
100206,GBPJPY,LONG,2021-03-05,0.0,2021-03-23,0.0,2.0,115.9,0.2318,18,signal_flip,False
100207,EURUSD,LONG,2021-03-08,0.0,2021-03-30,0.0,2.0,-881.2,-1.7624,22,signal_flip,False
100208,GBPJPY,SHORT,2021-03-25,0.0,2021-03-26,0.0,2.0,-214.95,-0.4299,1,signal_flip,False
100210,GBPJPY,LONG,2021-03-31,0.0,2021-04-09,0.0,2.0,119.86,0.2397,9,signal_flip,False
100209,EURUSD,LONG,2021-03-31,0.0,2021-05-24,0.0,2.0,1944.84,3.8897,54,signal_flip,False
100211,GBPJPY,LONG,2021-04-13,0.0,2021-05-14,0.0,2.0,1078.1,2.1562,31,signal_flip,False
100212,GBPJPY,LONG,2021-05-17,0.0,2021-06-07,0.0,2.0,466.82,0.9336,21,signal_flip,False
100213,EURUSD,LONG,2021-05-25,0.0,2021-05-26,0.0,2.0,29.64,0.0593,1,signal_flip,False
100214,EURUSD,LONG,2021-05-28,0.0,2021-06-01,0.0,2.0,55.45,0.1109,4,signal_flip,False
100215,EURUSD,LONG,2021-06-03,0.0,2021-06-04,0.0,2.0,-149.84,-0.2997,1,signal_flip,False
100216,EURUSD,LONG,2021-06-08,0.0,2021-06-09,0.0,2.0,-62.65,-0.1253,1,signal_flip,False
100217,GBPJPY,LONG,2021-06-08,0.0,2021-06-09,0.0,2.0,-62.65,-0.1253,1,signal_flip,False
100218,EURUSD,LONG,2021-06-11,0.0,2021-06-15,0.0,2.0,-219.95,-0.4399,4,signal_flip,False
100219,GBPJPY,LONG,2021-06-16,0.0,2021-06-18,0.0,2.0,532.41,1.0648,2,signal_flip,False
100221,GBPJPY,SHORT,2021-06-21,0.0,2021-06-25,0.0,2.0,-375.58,-0.7512,4,signal_flip,False
100220,EURUSD,LONG,2021-06-21,0.0,2021-06-23,0.0,2.0,-266.69,-0.5334,2,signal_flip,False
100222,EURUSD,LONG,2021-06-24,0.0,2021-06-30,0.0,2.0,-577.78,-1.1556,6,signal_flip,False
100223,GBPJPY,SHORT,2021-06-30,0.0,2021-07-02,0.0,2.0,-353.93,-0.7079,2,signal_flip,False
100224,EURUSD,LONG,2021-07-02,0.0,2021-07-06,0.0,2.0,-11.47,-0.0229,4,signal_flip,False
100225,GBPJPY,SHORT,2021-07-06,0.0,2021-07-13,0.0,2.0,164.62,0.3292,7,signal_flip,False
100226,EURUSD,LONG,2021-07-12,0.0,2021-07-13,0.0,2.0,-29.46,-0.0589,1,signal_flip,False
100227,GBPJPY,SHORT,2021-07-14,0.0,2021-07-27,0.0,2.0,328.3,0.6566,13,signal_flip,False
100228,EURUSD,LONG,2021-07-16,0.0,2021-07-19,0.0,2.0,83.18,0.1664,3,signal_flip,False
100229,EURUSD,LONG,2021-07-23,0.0,2021-08-19,0.0,2.0,-172.88,-0.3458,27,signal_flip,False
100230,GBPJPY,LONG,2021-07-29,0.0,2021-08-03,0.0,2.0,93.13,0.1863,5,signal_flip,False
100231,GBPJPY,SHORT,2021-08-05,0.0,2021-08-06,0.0,2.0,101.83,0.2037,1,signal_flip,False
100232,GBPJPY,LONG,2021-08-06,0.0,2021-08-17,0.0,2.0,-193.05,-0.3861,11,signal_flip,False
100233,GBPJPY,SHORT,2021-08-18,0.0,2021-08-24,0.0,2.0,179.52,0.359,6,signal_flip,False
100234,EURUSD,LONG,2021-08-25,0.0,2021-09-21,0.0,2.0,1110.93,2.2219,27,signal_flip,False
100235,GBPJPY,LONG,2021-08-25,0.0,2021-09-21,0.0,2.0,1110.93,2.2219,27,signal_flip,False
100237,GBPJPY,LONG,2021-09-24,0.0,2021-09-30,0.0,2.0,-289.14,-0.5783,6,signal_flip,False
100236,EURUSD,LONG,2021-09-24,0.0,2021-10-05,0.0,2.0,-289.14,-0.5783,11,signal_flip,False
100238,GBPJPY,SHORT,2021-10-01,0.0,2021-10-04,0.0,2.0,0.0,0.0,3,signal_flip,False
100239,GBPJPY,LONG,2021-10-05,0.0,2021-11-08,0.0,2.0,2359.14,4.7183,34,signal_flip,False
100240,EURUSD,LONG,2021-10-06,0.0,2021-10-12,0.0,2.0,349.9,0.6998,6,signal_flip,False
100241,EURUSD,LONG,2021-10-14,0.0,2021-11-01,0.0,2.0,791.62,1.5832,18,signal_flip,False
100242,GBPJPY,SHORT,2021-11-09,0.0,2021-11-12,0.0,2.0,287.34,0.5747,3,signal_flip,False
100243,EURUSD,LONG,2021-11-10,0.0,2021-11-11,0.0,2.0,50.88,0.1018,1,signal_flip,False
100244,EURUSD,LONG,2021-11-17,0.0,2021-11-19,0.0,2.0,-42.42,-0.0848,2,signal_flip,False
100245,GBPJPY,LONG,2021-11-17,0.0,2021-11-19,0.0,2.0,-42.42,-0.0848,2,signal_flip,False
100246,EURUSD,LONG,2021-11-22,0.0,2021-11-29,0.0,2.0,-269.6,-0.5392,7,signal_flip,False
100247,GBPJPY,LONG,2021-11-26,0.0,2021-11-29,0.0,2.0,229.89,0.4598,3,signal_flip,False
100248,GBPJPY,SHORT,2021-11-29,0.0,2021-11-30,0.0,2.0,60.95,0.1219,1,signal_flip,False
100249,EURUSD,LONG,2021-12-01,0.0,2021-12-07,0.0,2.0,-252.15,-0.5043,6,signal_flip,False
100250,GBPJPY,SHORT,2021-12-01,0.0,2021-12-02,0.0,2.0,122.24,0.2445,1,signal_flip,False
100251,GBPJPY,SHORT,2021-12-03,0.0,2021-12-06,0.0,2.0,113.06,0.2261,3,signal_flip,False
100252,GBPJPY,SHORT,2021-12-07,0.0,2021-12-08,0.0,2.0,-64.86,-0.1297,1,signal_flip,False
100253,EURUSD,LONG,2021-12-09,0.0,2021-12-10,0.0,2.0,-171.18,-0.3424,1,signal_flip,False
100254,GBPJPY,LONG,2021-12-09,0.0,2021-12-10,0.0,2.0,-171.18,-0.3424,1,signal_flip,False
100255,GBPJPY,LONG,2021-12-14,0.0,2021-12-15,0.0,2.0,-20.64,-0.0413,1,signal_flip,False
100256,EURUSD,LONG,2021-12-21,0.0,2021-12-22,0.0,2.0,21.32,0.0426,1,signal_flip,False
100257,GBPJPY,SHORT,2021-12-21,0.0,2021-12-22,0.0,2.0,21.32,0.0426,1,signal_flip,False
100259,GBPJPY,LONG,2021-12-23,0.0,2021-12-28,0.0,2.0,334.75,0.6695,5,signal_flip,False
100258,EURUSD,LONG,2021-12-23,0.0,2022-01-03,0.0,2.0,429.84,0.8597,11,signal_flip,False
100260,GBPJPY,LONG,2021-12-29,0.0,2022-01-03,0.0,2.0,247.57,0.4951,5,signal_flip,False
100262,GBPJPY,LONG,2022-01-04,0.0,2022-01-20,0.0,2.0,778.35,1.5567,16,signal_flip,False
100261,EURUSD,LONG,2022-01-04,0.0,2022-01-11,0.0,2.0,333.34,0.6667,7,signal_flip,False
100263,EURUSD,LONG,2022-01-19,0.0,2022-01-20,0.0,2.0,-6.44,-0.0129,1,signal_flip,False
100264,EURUSD,SHORT,2022-01-27,0.0,2022-01-28,0.0,2.0,40.47,0.0809,1,signal_flip,False
100265,EURUSD,LONG,2022-02-01,0.0,2022-02-07,0.0,2.0,963.24,1.9265,6,signal_flip,False
100266,GBPJPY,LONG,2022-02-01,0.0,2022-02-15,0.0,2.0,1048.63,2.0973,14,signal_flip,False
100267,EURUSD,LONG,2022-02-08,0.0,2022-02-15,0.0,2.0,238.74,0.4775,7,signal_flip,False
100268,EURUSD,LONG,2022-02-16,0.0,2022-03-08,0.0,2.0,1557.55,3.1151,20,signal_flip,False
100269,GBPJPY,LONG,2022-02-16,0.0,2022-02-23,0.0,2.0,-412.88,-0.8258,7,signal_flip,False
100270,GBPJPY,SHORT,2022-02-25,0.0,2022-02-28,0.0,2.0,-8.01,-0.016,3,signal_flip,False
100271,GBPJPY,SHORT,2022-03-02,0.0,2022-03-04,0.0,2.0,-247.83,-0.4957,2,signal_flip,False
100272,GBPJPY,SHORT,2022-03-07,0.0,2022-03-11,0.0,2.0,-762.13,-1.5243,4,signal_flip,False
100273,EURUSD,LONG,2022-03-14,0.0,2022-03-15,0.0,2.0,123.41,0.2468,1,signal_flip,False
100274,GBPJPY,LONG,2022-03-15,0.0,2022-03-24,0.0,2.0,1060.23,2.1205,9,signal_flip,False
100275,EURUSD,LONG,2022-03-24,0.0,2022-03-31,0.0,2.0,458.9,0.9178,7,signal_flip,False
100276,GBPJPY,LONG,2022-03-30,0.0,2022-03-31,0.0,2.0,-2.49,-0.005,1,signal_flip,False
100277,EURUSD,SHORT,2022-03-31,0.0,2022-04-01,0.0,2.0,365.62,0.7312,1,signal_flip,False
100278,GBPJPY,LONG,2022-04-01,0.0,2022-04-05,0.0,2.0,194.55,0.3891,4,signal_flip,False
100279,GBPJPY,LONG,2022-04-08,0.0,2022-04-13,0.0,2.0,241.29,0.4826,5,signal_flip,False
100280,EURUSD,LONG,2022-04-18,0.0,2022-04-19,0.0,2.0,-1.91,-0.0038,1,signal_flip,False
100281,GBPJPY,LONG,2022-04-19,0.0,2022-04-22,0.0,2.0,552.99,1.106,3,signal_flip,False
100282,GBPJPY,SHORT,2022-04-25,0.0,2022-04-28,0.0,2.0,1067.41,2.1348,3,signal_flip,False
100284,GBPJPY,SHORT,2022-05-02,0.0,2022-05-04,0.0,2.0,90.28,0.1806,2,signal_flip,False
100283,EURUSD,LONG,2022-05-02,0.0,2022-05-17,0.0,2.0,1124.96,2.2499,15,signal_flip,False
100285,GBPJPY,LONG,2022-05-06,0.0,2022-05-10,0.0,2.0,27.52,0.055,4,signal_flip,False
100286,EURUSD,LONG,2022-05-18,0.0,2022-05-19,0.0,2.0,350.98,0.702,1,signal_flip,False
100287,EURUSD,SHORT,2022-05-19,0.0,2022-05-20,0.0,2.0,-272.14,-0.5443,1,signal_flip,False
100288,GBPJPY,SHORT,2022-05-20,0.0,2022-05-24,0.0,2.0,-324.62,-0.6492,4,signal_flip,False
100289,EURUSD,SHORT,2022-05-23,0.0,2022-05-24,0.0,2.0,-246.23,-0.4925,1,signal_flip,False
100291,GBPJPY,SHORT,2022-05-25,0.0,2022-05-26,0.0,2.0,101.47,0.2029,1,signal_flip,False
100290,EURUSD,SHORT,2022-05-25,0.0,2022-05-26,0.0,2.0,101.47,0.2029,1,signal_flip,False
100292,EURUSD,LONG,2022-06-03,0.0,2022-06-06,0.0,2.0,71.1,0.1422,3,signal_flip,False
100293,EURUSD,LONG,2022-06-07,0.0,2022-06-14,0.0,2.0,1382.13,2.7643,7,signal_flip,False
100294,GBPJPY,SHORT,2022-06-13,0.0,2022-06-15,0.0,2.0,376.98,0.754,2,signal_flip,False
100295,EURUSD,LONG,2022-06-15,0.0,2022-06-21,0.0,2.0,-669.22,-1.3384,6,signal_flip,False
100296,GBPJPY,SHORT,2022-06-17,0.0,2022-07-01,0.0,2.0,-251.41,-0.5028,14,signal_flip,False
100297,EURUSD,LONG,2022-06-22,0.0,2022-06-27,0.0,2.0,132.25,0.2645,5,signal_flip,False
100298,EURUSD,LONG,2022-06-28,0.0,2022-06-29,0.0,2.0,33.79,0.0676,1,signal_flip,False
100299,GBPJPY,SHORT,2022-07-05,0.0,2022-07-13,0.0,2.0,827.87,1.6557,8,signal_flip,False
100300,EURUSD,LONG,2022-07-14,0.0,2022-07-20,0.0,2.0,427.1,0.8542,6,signal_flip,False
100301,GBPJPY,LONG,2022-07-21,0.0,2022-07-22,0.0,2.0,-396.62,-0.7932,1,signal_flip,False
100302,EURUSD,LONG,2022-07-26,0.0,2022-07-27,0.0,2.0,466.8,0.9336,1,signal_flip,False
100303,EURUSD,LONG,2022-08-01,0.0,2022-08-03,0.0,2.0,302.98,0.606,2,signal_flip,False
100304,EURUSD,LONG,2022-08-04,0.0,2022-08-08,0.0,2.0,455.72,0.9114,4,signal_flip,False
100305,EURUSD,LONG,2022-08-09,0.0,2022-08-12,0.0,2.0,-243.38,-0.4868,3,signal_flip,False
100306,EURUSD,LONG,2022-08-15,0.0,2022-08-19,0.0,2.0,-6.96,-0.0139,4,signal_flip,False
100307,GBPJPY,LONG,2022-08-18,0.0,2022-08-19,0.0,2.0,-4.79,-0.0096,1,signal_flip,False
100308,EURUSD,LONG,2022-08-22,0.0,2022-08-23,0.0,2.0,-28.37,-0.0567,1,signal_flip,False
100309,GBPJPY,LONG,2022-08-26,0.0,2022-08-29,0.0,2.0,-11.7,-0.0234,3,signal_flip,False
100310,EURUSD,LONG,2022-08-29,0.0,2022-08-30,0.0,2.0,325.27,0.6505,1,signal_flip,False
100311,EURUSD,LONG,2022-08-31,0.0,2022-09-02,0.0,2.0,2.1,0.0042,2,signal_flip,False
100312,GBPJPY,LONG,2022-08-31,0.0,2022-09-01,0.0,2.0,-78.78,-0.1576,1,signal_flip,False
100313,GBPJPY,LONG,2022-09-06,0.0,2022-09-13,0.0,2.0,1778.15,3.5563,7,signal_flip,False
100314,GBPJPY,LONG,2022-09-14,0.0,2022-09-16,0.0,2.0,-763.6,-1.5272,2,signal_flip,False
100315,GBPJPY,SHORT,2022-09-27,0.0,2022-09-28,0.0,2.0,203.81,0.4076,1,signal_flip,False
100316,GBPJPY,SHORT,2022-10-04,0.0,2022-10-07,0.0,2.0,141.81,0.2836,3,signal_flip,False
100317,EURUSD,LONG,2022-10-10,0.0,2022-10-13,0.0,2.0,-279.61,-0.5592,3,signal_flip,False
100318,EURUSD,LONG,2022-10-14,0.0,2022-10-19,0.0,2.0,-52.01,-0.104,5,signal_flip,False
100319,EURUSD,LONG,2022-10-21,0.0,2022-10-25,0.0,2.0,-110.89,-0.2218,4,signal_flip,False
100320,EURUSD,LONG,2022-10-28,0.0,2022-10-31,0.0,2.0,-445.3,-0.8906,3,signal_flip,False
100321,EURUSD,LONG,2022-11-01,0.0,2022-11-02,0.0,2.0,79.83,0.1597,1,signal_flip,False
100322,EURUSD,LONG,2022-11-03,0.0,2022-11-08,0.0,2.0,221.94,0.4439,5,signal_flip,False
100323,EURUSD,SHORT,2022-11-10,0.0,2022-11-11,0.0,2.0,83.21,0.1664,1,signal_flip,False
100324,GBPJPY,LONG,2022-11-11,0.0,2022-11-14,0.0,2.0,-225.28,-0.4506,3,signal_flip,False
100325,EURUSD,LONG,2022-11-18,0.0,2022-11-21,0.0,2.0,102.38,0.2048,3,signal_flip,False
100326,EURUSD,LONG,2022-11-23,0.0,2022-11-25,0.0,2.0,-10.63,-0.0213,2,signal_flip,False
100327,GBPJPY,SHORT,2022-11-25,0.0,2022-11-28,0.0,2.0,126.59,0.2532,3,signal_flip,False
100328,EURUSD,LONG,2022-11-30,0.0,2022-12-02,0.0,2.0,-10.56,-0.0211,2,signal_flip,False
100329,GBPJPY,LONG,2022-12-01,0.0,2022-12-02,0.0,2.0,23.23,0.0465,1,signal_flip,False
100331,GBPJPY,SHORT,2022-12-07,0.0,2022-12-12,0.0,2.0,121.43,0.2429,5,signal_flip,False
100330,EURUSD,SHORT,2022-12-07,0.0,2022-12-08,0.0,2.0,-79.43,-0.1589,1,signal_flip,False
100332,EURUSD,LONG,2022-12-13,0.0,2022-12-14,0.0,2.0,5.02,0.01,1,signal_flip,False
100333,GBPJPY,SHORT,2022-12-13,0.0,2022-12-14,0.0,2.0,5.02,0.01,1,signal_flip,False
100334,EURUSD,LONG,2022-12-15,0.0,2022-12-19,0.0,2.0,-404.25,-0.8085,4,signal_flip,False
100335,GBPJPY,SHORT,2022-12-16,0.0,2022-12-21,0.0,2.0,-315.4,-0.6308,5,signal_flip,False
100336,EURUSD,LONG,2022-12-20,0.0,2022-12-28,0.0,2.0,277.1,0.5542,8,signal_flip,False
100337,GBPJPY,SHORT,2022-12-23,0.0,2022-12-29,0.0,2.0,50.57,0.1011,6,signal_flip,False
100338,EURUSD,LONG,2022-12-29,0.0,2023-01-03,0.0,2.0,205.15,0.4103,5,signal_flip,False
100339,EURUSD,LONG,2023-01-05,0.0,2023-01-06,0.0,2.0,658.19,1.3164,1,signal_flip,False
100340,GBPJPY,SHORT,2023-01-06,0.0,2023-01-11,0.0,2.0,-334.94,-0.6699,5,signal_flip,False
100341,EURUSD,SHORT,2023-01-10,0.0,2023-01-19,0.0,2.0,-3.04,-0.0061,9,signal_flip,False
100342,GBPJPY,SHORT,2023-01-19,0.0,2023-01-24,0.0,2.0,-77.2,-0.1544,5,signal_flip,False
100343,EURUSD,SHORT,2023-01-20,0.0,2023-01-26,0.0,2.0,-2.95,-0.0059,6,signal_flip,False
100344,EURUSD,LONG,2023-02-01,0.0,2023-02-02,0.0,2.0,765.54,1.5311,1,signal_flip,False
100345,EURUSD,SHORT,2023-02-03,0.0,2023-02-06,0.0,2.0,1028.57,2.0571,3,signal_flip,False
100347,GBPJPY,LONG,2023-02-22,0.0,2023-02-24,0.0,2.0,0.0,0.0,2,signal_flip,False
100346,EURUSD,SHORT,2023-02-22,0.0,2023-02-27,0.0,2.0,-335.05,-0.6701,5,signal_flip,False
100348,GBPJPY,SHORT,2023-02-27,0.0,2023-02-28,0.0,2.0,14.75,0.0295,1,signal_flip,False
100349,EURUSD,LONG,2023-03-02,0.0,2023-03-03,0.0,2.0,113.29,0.2266,1,signal_flip,False
100350,GBPJPY,LONG,2023-03-02,0.0,2023-03-06,0.0,2.0,97.11,0.1942,4,signal_flip,False
100352,GBPJPY,LONG,2023-03-08,0.0,2023-03-09,0.0,2.0,-4.83,-0.0097,1,signal_flip,False
100351,EURUSD,SHORT,2023-03-08,0.0,2023-03-09,0.0,2.0,-4.83,-0.0097,1,signal_flip,False
100353,GBPJPY,SHORT,2023-03-10,0.0,2023-03-22,0.0,2.0,634.62,1.2692,12,signal_flip,False
100354,EURUSD,SHORT,2023-03-14,0.0,2023-03-17,0.0,2.0,520.34,1.0407,3,signal_flip,False
100355,EURUSD,SHORT,2023-03-21,0.0,2023-03-28,0.0,2.0,297.27,0.5945,7,signal_flip,False
100356,GBPJPY,SHORT,2023-03-24,0.0,2023-03-27,0.0,2.0,139.16,0.2783,3,signal_flip,False
100357,GBPJPY,LONG,2023-03-29,0.0,2023-03-30,0.0,2.0,-10.83,-0.0217,1,signal_flip,False
100358,GBPJPY,LONG,2023-03-31,0.0,2023-04-04,0.0,2.0,-325.21,-0.6504,4,signal_flip,False
100359,EURUSD,SHORT,2023-04-03,0.0,2023-04-04,0.0,2.0,-4.59,-0.0092,1,signal_flip,False
100360,EURUSD,SHORT,2023-04-05,0.0,2023-04-11,0.0,2.0,-317.75,-0.6355,6,signal_flip,False
100361,GBPJPY,SHORT,2023-04-10,0.0,2023-04-11,0.0,2.0,-4.43,-0.0089,1,signal_flip,False
100362,GBPJPY,LONG,2023-04-11,0.0,2023-04-24,0.0,2.0,452.1,0.9042,13,signal_flip,False
100363,EURUSD,SHORT,2023-04-14,0.0,2023-04-18,0.0,2.0,75.58,0.1512,4,signal_flip,False
100364,EURUSD,LONG,2023-04-24,0.0,2023-04-25,0.0,2.0,675.89,1.3518,1,signal_flip,False
100365,EURUSD,SHORT,2023-04-26,0.0,2023-04-27,0.0,2.0,-153.43,-0.3069,1,signal_flip,False
100366,GBPJPY,SHORT,2023-04-27,0.0,2023-04-28,0.0,2.0,-97.77,-0.1955,1,signal_flip,False
100367,EURUSD,SHORT,2023-04-28,0.0,2023-05-01,0.0,2.0,-6.74,-0.0135,3,signal_flip,False
100368,EURUSD,LONG,2023-05-02,0.0,2023-05-03,0.0,2.0,0.0,0.0,1,signal_flip,False
100369,GBPJPY,LONG,2023-05-02,0.0,2023-05-03,0.0,2.0,0.0,0.0,1,signal_flip,False
100370,EURUSD,LONG,2023-05-04,0.0,2023-05-05,0.0,2.0,26.61,0.0532,1,signal_flip,False
100371,GBPJPY,SHORT,2023-05-04,0.0,2023-05-08,0.0,2.0,5.0,0.01,4,signal_flip,False
100372,EURUSD,SHORT,2023-05-05,0.0,2023-05-08,0.0,2.0,-21.6,-0.0432,3,signal_flip,False
100374,GBPJPY,LONG,2023-05-09,0.0,2023-05-10,0.0,2.0,51.21,0.1024,1,signal_flip,False
100373,EURUSD,LONG,2023-05-09,0.0,2023-05-11,0.0,2.0,42.51,0.085,2,signal_flip,False
100375,GBPJPY,LONG,2023-05-11,0.0,2023-05-12,0.0,2.0,0.0,0.0,1,signal_flip,False
100376,GBPJPY,LONG,2023-05-17,0.0,2023-05-18,0.0,2.0,328.91,0.6578,1,signal_flip,False
100377,GBPJPY,LONG,2023-05-19,0.0,2023-05-23,0.0,2.0,82.37,0.1647,4,signal_flip,False
100378,GBPJPY,SHORT,2023-05-25,0.0,2023-05-26,0.0,2.0,0.0,0.0,1,signal_flip,False
100379,GBPJPY,LONG,2023-05-31,0.0,2023-06-02,0.0,2.0,102.68,0.2054,2,signal_flip,False
100380,EURUSD,SHORT,2023-06-01,0.0,2023-06-02,0.0,2.0,102.68,0.2054,1,signal_flip,False
100381,GBPJPY,LONG,2023-06-05,0.0,2023-06-08,0.0,2.0,-42.71,-0.0854,3,signal_flip,False
100382,GBPJPY,LONG,2023-06-09,0.0,2023-07-12,0.0,2.0,5037.04,10.0741,33,signal_flip,False
100383,EURUSD,SHORT,2023-06-12,0.0,2023-06-13,0.0,2.0,-208.47,-0.4169,1,signal_flip,False
100384,EURUSD,LONG,2023-06-21,0.0,2023-06-23,0.0,2.0,593.99,1.188,2,signal_flip,False
100385,EURUSD,LONG,2023-06-28,0.0,2023-06-29,0.0,2.0,-147.19,-0.2944,1,signal_flip,False
100386,EURUSD,LONG,2023-07-05,0.0,2023-07-07,0.0,2.0,-39.06,-0.0781,2,signal_flip,False
100387,EURUSD,LONG,2023-07-10,0.0,2023-07-11,0.0,2.0,-145.18,-0.2904,1,signal_flip,False
100388,EURUSD,LONG,2023-07-12,0.0,2023-07-14,0.0,2.0,1465.65,2.9313,2,signal_flip,False
100389,GBPJPY,LONG,2023-07-18,0.0,2023-07-21,0.0,2.0,-240.01,-0.48,3,signal_flip,False
100391,GBPJPY,LONG,2023-07-24,0.0,2023-07-26,0.0,2.0,-193.37,-0.3867,2,signal_flip,False
100390,EURUSD,LONG,2023-07-24,0.0,2023-07-25,0.0,2.0,-179.71,-0.3594,1,signal_flip,False
100392,EURUSD,LONG,2023-07-27,0.0,2023-08-03,0.0,2.0,0.0,0.0,7,signal_flip,False
100393,GBPJPY,SHORT,2023-07-31,0.0,2023-08-01,0.0,2.0,0.0,0.0,1,signal_flip,False
100394,GBPJPY,SHORT,2023-08-03,0.0,2023-08-04,0.0,2.0,-239.8,-0.4796,1,signal_flip,False
100395,GBPJPY,SHORT,2023-08-07,0.0,2023-08-08,0.0,2.0,0.0,0.0,1,signal_flip,False
100396,EURUSD,LONG,2023-08-09,0.0,2023-08-10,0.0,2.0,0.0,0.0,1,signal_flip,False
100397,EURUSD,LONG,2023-08-11,0.0,2023-08-14,0.0,2.0,38.38,0.0768,3,signal_flip,False
100398,GBPJPY,SHORT,2023-08-11,0.0,2023-08-14,0.0,2.0,38.38,0.0768,3,signal_flip,False
100399,GBPJPY,LONG,2023-08-16,0.0,2023-08-21,0.0,2.0,183.69,0.3674,5,signal_flip,False
100400,GBPJPY,SHORT,2023-08-25,0.0,2023-08-28,0.0,2.0,-10.75,-0.0215,3,signal_flip,False
100401,EURUSD,LONG,2023-08-30,0.0,2023-08-31,0.0,2.0,1146.35,2.2927,1,signal_flip,False
100402,GBPJPY,SHORT,2023-08-31,0.0,2023-09-01,0.0,2.0,-577.77,-1.1555,1,signal_flip,False
100403,GBPJPY,LONG,2023-09-01,0.0,2023-09-05,0.0,2.0,-14.17,-0.0283,4,signal_flip,False
100404,GBPJPY,SHORT,2023-09-05,0.0,2023-09-07,0.0,2.0,-158.31,-0.3166,2,signal_flip,False
100405,GBPJPY,SHORT,2023-09-11,0.0,2023-09-13,0.0,2.0,0.0,0.0,2,signal_flip,False
100406,EURUSD,LONG,2023-09-12,0.0,2023-09-13,0.0,2.0,0.0,0.0,1,signal_flip,False
100407,EURUSD,LONG,2023-09-14,0.0,2023-09-15,0.0,2.0,-473.01,-0.946,1,signal_flip,False
100408,EURUSD,SHORT,2023-09-19,0.0,2023-09-20,0.0,2.0,63.39,0.1268,1,signal_flip,False
100409,GBPJPY,SHORT,2023-09-19,0.0,2023-09-20,0.0,2.0,63.39,0.1268,1,signal_flip,False
100410,EURUSD,SHORT,2023-09-22,0.0,2023-09-25,0.0,2.0,-17.73,-0.0355,3,signal_flip,False
100411,GBPJPY,SHORT,2023-09-25,0.0,2023-09-26,0.0,2.0,0.0,0.0,1,signal_flip,False
100413,GBPJPY,SHORT,2023-09-27,0.0,2023-09-28,0.0,2.0,-107.53,-0.2151,1,signal_flip,False
100412,EURUSD,SHORT,2023-09-27,0.0,2023-09-29,0.0,2.0,276.45,0.5529,2,signal_flip,False
100414,GBPJPY,LONG,2023-10-02,0.0,2023-10-04,0.0,2.0,-675.9,-1.3518,2,signal_flip,False
100415,GBPJPY,SHORT,2023-10-06,0.0,2023-10-09,0.0,2.0,724.83,1.4497,3,signal_flip,False
100416,EURUSD,LONG,2023-10-09,0.0,2023-10-10,0.0,2.0,-285.24,-0.5705,1,signal_flip,False
100417,GBPJPY,LONG,2023-10-10,0.0,2023-10-11,0.0,2.0,657.77,1.3155,1,signal_flip,False
100418,GBPJPY,LONG,2023-10-12,0.0,2023-10-16,0.0,2.0,-917.28,-1.8346,4,signal_flip,False
100419,EURUSD,SHORT,2023-10-16,0.0,2023-10-17,0.0,2.0,-7.74,-0.0155,1,signal_flip,False
100420,GBPJPY,SHORT,2023-10-16,0.0,2023-10-18,0.0,2.0,-1.98,-0.004,2,signal_flip,False
100422,GBPJPY,LONG,2023-10-18,0.0,2023-10-20,0.0,2.0,-143.19,-0.2864,2,signal_flip,False
100421,EURUSD,LONG,2023-10-18,0.0,2023-10-19,0.0,2.0,-128.24,-0.2565,1,signal_flip,False
100423,EURUSD,SHORT,2023-10-20,0.0,2023-10-23,0.0,2.0,0.0,0.0,3,signal_flip,False
100424,GBPJPY,SHORT,2023-10-27,0.0,2023-10-31,0.0,2.0,-474.42,-0.9488,4,signal_flip,False
100425,EURUSD,SHORT,2023-10-30,0.0,2023-10-31,0.0,2.0,-6.91,-0.0138,1,signal_flip,False
100426,GBPJPY,LONG,2023-11-02,0.0,2023-11-03,0.0,2.0,269.28,0.5386,1,signal_flip,False
100427,GBPJPY,LONG,2023-11-07,0.0,2023-11-09,0.0,2.0,-27.71,-0.0554,2,signal_flip,False
100428,GBPJPY,LONG,2023-11-10,0.0,2023-11-22,0.0,2.0,1766.24,3.5325,12,signal_flip,False
100429,EURUSD,LONG,2023-11-13,0.0,2023-11-14,0.0,2.0,193.57,0.3871,1,signal_flip,False
100430,EURUSD,SHORT,2023-11-17,0.0,2023-11-24,0.0,2.0,-279.75,-0.5595,7,signal_flip,False
100431,GBPJPY,LONG,2023-11-27,0.0,2023-11-30,0.0,2.0,-566.11,-1.1322,3,signal_flip,False
100432,GBPJPY,SHORT,2023-11-30,0.0,2023-12-01,0.0,2.0,0.0,0.0,1,signal_flip,False
100433,GBPJPY,SHORT,2023-12-04,0.0,2023-12-08,0.0,2.0,201.41,0.4028,4,signal_flip,False
100434,EURUSD,LONG,2023-12-08,0.0,2023-12-12,0.0,2.0,0.0,0.0,4,signal_flip,False
100435,GBPJPY,SHORT,2023-12-11,0.0,2023-12-13,0.0,2.0,0.0,0.0,2,signal_flip,False
100436,EURUSD,LONG,2023-12-13,0.0,2023-12-15,0.0,2.0,842.35,1.6847,2,signal_flip,False
100437,GBPJPY,SHORT,2023-12-15,0.0,2023-12-21,0.0,2.0,-444.63,-0.8893,6,signal_flip,False
100438,EURUSD,SHORT,2023-12-21,0.0,2023-12-22,0.0,2.0,0.0,0.0,1,signal_flip,False
100439,GBPJPY,SHORT,2023-12-22,0.0,2023-12-28,0.0,2.0,0.0,0.0,6,signal_flip,False
100440,EURUSD,SHORT,2023-12-27,0.0,2023-12-28,0.0,2.0,0.0,0.0,1,signal_flip,False
100441,GBPJPY,SHORT,2024-01-04,0.0,2024-01-05,0.0,2.0,-8.71,-0.0174,1,signal_flip,False
100442,EURUSD,LONG,2024-01-05,0.0,2024-01-08,0.0,2.0,0.0,0.0,3,signal_flip,False
100443,GBPJPY,LONG,2024-01-08,0.0,2024-01-11,0.0,2.0,204.81,0.4096,3,signal_flip,False
100444,EURUSD,LONG,2024-01-09,0.0,2024-01-12,0.0,2.0,163.51,0.327,3,signal_flip,False
100445,GBPJPY,SHORT,2024-01-17,0.0,2024-01-19,0.0,2.0,608.06,1.2161,2,signal_flip,False
100446,EURUSD,LONG,2024-01-24,0.0,2024-01-29,0.0,2.0,-23.97,-0.0479,5,signal_flip,False
100447,GBPJPY,LONG,2024-01-25,0.0,2024-01-26,0.0,2.0,3.53,0.0071,1,signal_flip,False
100448,GBPJPY,LONG,2024-01-29,0.0,2024-01-30,0.0,2.0,-232.87,-0.4657,1,signal_flip,False
100449,EURUSD,LONG,2024-01-31,0.0,2024-02-05,0.0,2.0,40.24,0.0805,5,signal_flip,False
100450,GBPJPY,SHORT,2024-02-01,0.0,2024-02-06,0.0,2.0,-232.75,-0.4655,5,signal_flip,False
100451,GBPJPY,LONG,2024-02-06,0.0,2024-02-07,0.0,2.0,0.0,0.0,1,signal_flip,False
100452,GBPJPY,LONG,2024-02-09,0.0,2024-02-14,0.0,2.0,1232.28,2.4646,5,signal_flip,False
100453,EURUSD,SHORT,2024-02-15,0.0,2024-02-16,0.0,2.0,-87.31,-0.1746,1,signal_flip,False
100454,GBPJPY,LONG,2024-02-15,0.0,2024-03-04,0.0,2.0,621.96,1.2439,18,signal_flip,False
100455,EURUSD,LONG,2024-02-21,0.0,2024-02-22,0.0,2.0,195.54,0.3911,1,signal_flip,False
100456,EURUSD,LONG,2024-02-23,0.0,2024-02-28,0.0,2.0,83.54,0.1671,5,signal_flip,False
100457,GBPJPY,LONG,2024-03-05,0.0,2024-03-11,0.0,2.0,898.72,1.7974,6,signal_flip,False
100458,EURUSD,LONG,2024-03-07,0.0,2024-03-08,0.0,2.0,167.45,0.3349,1,signal_flip,False
100459,GBPJPY,SHORT,2024-03-11,0.0,2024-03-13,0.0,2.0,-61.2,-0.1224,2,signal_flip,False
100460,GBPJPY,LONG,2024-03-13,0.0,2024-03-25,0.0,2.0,1739.4,3.4788,12,signal_flip,False
100461,EURUSD,LONG,2024-03-26,0.0,2024-03-27,0.0,2.0,-43.91,-0.0878,1,signal_flip,False
100462,GBPJPY,LONG,2024-03-27,0.0,2024-04-03,0.0,2.0,-454.63,-0.9093,7,signal_flip,False
100463,EURUSD,LONG,2024-03-28,0.0,2024-04-01,0.0,2.0,-13.91,-0.0278,4,signal_flip,False
100464,EURUSD,SHORT,2024-04-02,0.0,2024-04-03,0.0,2.0,87.92,0.1758,1,signal_flip,False
100465,GBPJPY,LONG,2024-04-04,0.0,2024-04-08,0.0,2.0,-167.36,-0.3347,4,signal_flip,False
100466,EURUSD,LONG,2024-04-05,0.0,2024-04-10,0.0,2.0,397.24,0.7945,5,signal_flip,False
100467,GBPJPY,LONG,2024-04-09,0.0,2024-04-16,0.0,2.0,-661.48,-1.323,7,signal_flip,False
100468,EURUSD,LONG,2024-04-12,0.0,2024-04-16,0.0,2.0,-503.23,-1.0065,4,signal_flip,False
100469,GBPJPY,SHORT,2024-04-16,0.0,2024-04-17,0.0,2.0,115.31,0.2306,1,signal_flip,False
100470,GBPJPY,LONG,2024-04-17,0.0,2024-04-18,0.0,2.0,-35.23,-0.0705,1,signal_flip,False
100471,EURUSD,LONG,2024-04-18,0.0,2024-04-22,0.0,2.0,-192.34,-0.3847,4,signal_flip,False
100472,GBPJPY,LONG,2024-04-19,0.0,2024-04-24,0.0,2.0,138.77,0.2775,5,signal_flip,False
100473,EURUSD,SHORT,2024-04-22,0.0,2024-04-23,0.0,2.0,-45.46,-0.0909,1,signal_flip,False
100474,EURUSD,LONG,2024-04-23,0.0,2024-05-02,0.0,2.0,1353.07,2.7061,9,signal_flip,False
100475,GBPJPY,LONG,2024-04-25,0.0,2024-05-02,0.0,2.0,576.89,1.1538,7,signal_flip,False
100476,EURUSD,SHORT,2024-05-02,0.0,2024-05-03,0.0,2.0,-11.88,-0.0238,1,signal_flip,False
100477,GBPJPY,SHORT,2024-05-07,0.0,2024-05-08,0.0,2.0,-9.69,-0.0194,1,signal_flip,False
100478,EURUSD,LONG,2024-05-08,0.0,2024-05-09,0.0,2.0,-43.16,-0.0863,1,signal_flip,False
100479,EURUSD,LONG,2024-05-13,0.0,2024-05-17,0.0,2.0,1228.01,2.456,4,signal_flip,False
100480,GBPJPY,LONG,2024-05-15,0.0,2024-05-17,0.0,2.0,370.61,0.7412,2,signal_flip,False
100481,EURUSD,LONG,2024-05-20,0.0,2024-06-11,0.0,2.0,-1005.77,-2.0115,22,signal_flip,False
100482,GBPJPY,LONG,2024-05-21,0.0,2024-05-22,0.0,2.0,-35.13,-0.0703,1,signal_flip,False
100483,GBPJPY,LONG,2024-05-24,0.0,2024-05-29,0.0,2.0,195.45,0.3909,5,signal_flip,False
100484,GBPJPY,LONG,2024-05-31,0.0,2024-06-03,0.0,2.0,92.48,0.185,3,signal_flip,False
100485,GBPJPY,SHORT,2024-06-03,0.0,2024-06-04,0.0,2.0,222.98,0.446,1,signal_flip,False
100486,GBPJPY,SHORT,2024-06-05,0.0,2024-06-13,0.0,2.0,132.63,0.2653,8,signal_flip,False
100487,EURUSD,LONG,2024-06-13,0.0,2024-06-17,0.0,2.0,-59.09,-0.1182,4,signal_flip,False
100488,GBPJPY,LONG,2024-06-13,0.0,2024-06-17,0.0,2.0,-59.09,-0.1182,4,signal_flip,False
100489,GBPJPY,SHORT,2024-06-17,0.0,2024-06-18,0.0,2.0,0.0,0.0,1,signal_flip,False
100490,EURUSD,LONG,2024-06-18,0.0,2024-06-25,0.0,2.0,237.65,0.4753,7,signal_flip,False
100491,GBPJPY,SHORT,2024-06-20,0.0,2024-06-24,0.0,2.0,158.39,0.3168,4,signal_flip,False
100492,EURUSD,LONG,2024-06-26,0.0,2024-06-27,0.0,2.0,49.35,0.0987,1,signal_flip,False
100493,GBPJPY,LONG,2024-06-26,0.0,2024-07-12,0.0,2.0,3083.6,6.1672,16,signal_flip,False
100494,EURUSD,SHORT,2024-06-27,0.0,2024-06-28,0.0,2.0,132.84,0.2657,1,signal_flip,False
100495,EURUSD,LONG,2024-07-02,0.0,2024-07-05,0.0,2.0,455.15,0.9103,3,signal_flip,False
100496,EURUSD,LONG,2024-07-11,0.0,2024-07-12,0.0,2.0,189.34,0.3787,1,signal_flip,False
100497,GBPJPY,SHORT,2024-07-15,0.0,2024-07-30,0.0,2.0,-1256.38,-2.5128,15,signal_flip,False
100498,EURUSD,SHORT,2024-07-25,0.0,2024-07-26,0.0,2.0,130.82,0.2616,1,signal_flip,False
100499,EURUSD,LONG,2024-07-29,0.0,2024-07-31,0.0,2.0,617.51,1.235,2,signal_flip,False
100500,EURUSD,LONG,2024-08-01,0.0,2024-08-06,0.0,2.0,2112.65,4.2253,5,signal_flip,False
100501,EURUSD,LONG,2024-08-07,0.0,2024-08-08,0.0,2.0,-428.05,-0.8561,1,signal_flip,False
100502,EURUSD,LONG,2024-08-09,0.0,2024-08-19,0.0,2.0,953.84,1.9077,10,signal_flip,False
100503,GBPJPY,LONG,2024-08-12,0.0,2024-08-15,0.0,2.0,466.4,0.9328,3,signal_flip,False
100504,GBPJPY,LONG,2024-08-22,0.0,2024-08-23,0.0,2.0,-380.1,-0.7602,1,signal_flip,False
100505,GBPJPY,LONG,2024-08-27,0.0,2024-08-28,0.0,2.0,-7.53,-0.0151,1,signal_flip,False
100506,EURUSD,LONG,2024-08-28,0.0,2024-08-29,0.0,2.0,0.0,0.0,1,signal_flip,False
100507,EURUSD,LONG,2024-08-30,0.0,2024-09-03,0.0,2.0,0.0,0.0,4,signal_flip,False
100509,GBPJPY,LONG,2024-09-06,0.0,2024-09-09,0.0,2.0,132.6,0.2652,3,signal_flip,False
100508,EURUSD,LONG,2024-09-06,0.0,2024-09-11,0.0,2.0,-237.74,-0.4755,5,signal_flip,False
100510,GBPJPY,LONG,2024-09-10,0.0,2024-09-11,0.0,2.0,164.63,0.3293,1,signal_flip,False
100511,GBPJPY,LONG,2024-09-12,0.0,2024-09-17,0.0,2.0,188.33,0.3767,5,signal_flip,False
100512,EURUSD,LONG,2024-09-16,0.0,2024-09-18,0.0,2.0,-186.94,-0.3739,2,signal_flip,False
100513,EURUSD,LONG,2024-09-19,0.0,2024-09-23,0.0,2.0,1631.83,3.2637,4,signal_flip,False
100514,EURUSD,LONG,2024-09-24,0.0,2024-10-01,0.0,2.0,552.52,1.105,7,signal_flip,False
100515,GBPJPY,LONG,2024-09-25,0.0,2024-09-26,0.0,2.0,-216.81,-0.4336,1,signal_flip,False
100516,GBPJPY,SHORT,2024-10-02,0.0,2024-10-07,0.0,2.0,-1052.4,-2.1048,5,signal_flip,False
100517,GBPJPY,SHORT,2024-10-08,0.0,2024-10-09,0.0,2.0,0.0,0.0,1,signal_flip,False
100518,EURUSD,LONG,2024-10-09,0.0,2024-10-10,0.0,2.0,219.3,0.4386,1,signal_flip,False
100519,EURUSD,SHORT,2024-10-29,0.0,2024-10-30,0.0,2.0,215.37,0.4307,1,signal_flip,False
100520,GBPJPY,LONG,2024-10-30,0.0,2024-11-01,0.0,2.0,-1039.74,-2.0795,2,signal_flip,False
100521,GBPJPY,LONG,2024-11-08,0.0,2024-11-12,0.0,2.0,-609.22,-1.2184,4,signal_flip,False
100522,EURUSD,SHORT,2024-11-11,0.0,2024-11-12,0.0,2.0,-7.68,-0.0154,1,signal_flip,False
100523,GBPJPY,LONG,2024-11-18,0.0,2024-11-19,0.0,2.0,-12.76,-0.0255,1,signal_flip,False
100524,GBPJPY,LONG,2024-11-22,0.0,2024-11-25,0.0,2.0,-11.89,-0.0238,3,signal_flip,False
100525,GBPJPY,SHORT,2024-11-26,0.0,2024-11-27,0.0,2.0,-12.45,-0.0249,1,signal_flip,False
100526,EURUSD,SHORT,2024-12-02,0.0,2024-12-03,0.0,2.0,0.0,0.0,1,signal_flip,False
100527,EURUSD,SHORT,2024-12-09,0.0,2024-12-10,0.0,2.0,-709.64,-1.4193,1,signal_flip,False
100528,GBPJPY,SHORT,2024-12-20,0.0,2024-12-23,0.0,2.0,-109.56,-0.2191,3,signal_flip,False
100529,GBPJPY,LONG,2024-12-27,0.0,2025-01-02,0.0,2.0,-242.87,-0.4857,6,signal_flip,False
100530,GBPJPY,SHORT,2025-01-06,0.0,2025-01-07,0.0,2.0,-10.53,-0.0211,1,signal_flip,False
100531,EURUSD,SHORT,2025-01-15,0.0,2025-01-16,0.0,2.0,0.0,0.0,1,signal_flip,False
100532,GBPJPY,LONG,2025-01-16,0.0,2025-01-22,0.0,2.0,34.25,0.0685,6,signal_flip,False
100533,GBPJPY,LONG,2025-01-23,0.0,2025-01-28,0.0,2.0,-42.17,-0.0843,5,signal_flip,False
100534,EURUSD,LONG,2025-01-31,0.0,2025-02-03,0.0,2.0,-1341.25,-2.6825,3,signal_flip,False
100535,EURUSD,LONG,2025-02-05,0.0,2025-02-06,0.0,2.0,197.19,0.3944,1,signal_flip,False
100536,GBPJPY,SHORT,2025-02-06,0.0,2025-02-13,0.0,2.0,700.83,1.4017,7,signal_flip,False
100537,EURUSD,LONG,2025-02-10,0.0,2025-02-12,0.0,2.0,90.8,0.1816,2,signal_flip,False
100538,EURUSD,SHORT,2025-02-14,0.0,2025-02-18,0.0,2.0,-4.44,-0.0089,4,signal_flip,False
100539,GBPJPY,LONG,2025-02-14,0.0,2025-02-18,0.0,2.0,-4.44,-0.0089,4,signal_flip,False
100540,EURUSD,SHORT,2025-02-19,0.0,2025-02-20,0.0,2.0,-246.99,-0.494,1,signal_flip,False
100541,GBPJPY,LONG,2025-02-19,0.0,2025-02-21,0.0,2.0,641.86,1.2837,2,signal_flip,False
100542,GBPJPY,SHORT,2025-02-21,0.0,2025-03-05,0.0,2.0,668.93,1.3379,12,signal_flip,False
100543,EURUSD,LONG,2025-02-26,0.0,2025-02-27,0.0,2.0,-4.57,-0.0091,1,signal_flip,False
100544,EURUSD,LONG,2025-02-28,0.0,2025-03-05,0.0,2.0,233.39,0.4668,5,signal_flip,False
100545,GBPJPY,LONG,2025-03-07,0.0,2025-03-11,0.0,2.0,589.77,1.1795,4,signal_flip,False
100547,GBPJPY,SHORT,2025-03-11,0.0,2025-03-13,0.0,2.0,-6.67,-0.0133,2,signal_flip,False
100546,EURUSD,LONG,2025-03-11,0.0,2025-03-17,0.0,2.0,-49.38,-0.0988,6,signal_flip,False
100548,GBPJPY,SHORT,2025-03-14,0.0,2025-03-17,0.0,2.0,-11.42,-0.0228,3,signal_flip,False
100549,GBPJPY,LONG,2025-03-18,0.0,2025-04-01,0.0,2.0,494.18,0.9884,14,signal_flip,False
100550,EURUSD,LONG,2025-03-25,0.0,2025-03-26,0.0,2.0,-155.09,-0.3102,1,signal_flip,False
100551,EURUSD,LONG,2025-03-31,0.0,2025-04-04,0.0,2.0,1063.69,2.1274,4,signal_flip,False
100552,GBPJPY,SHORT,2025-04-01,0.0,2025-04-11,0.0,2.0,3007.67,6.0153,10,signal_flip,False
100553,EURUSD,LONG,2025-04-07,0.0,2025-04-08,0.0,2.0,-70.06,-0.1401,1,signal_flip,False
100554,EURUSD,LONG,2025-04-09,0.0,2025-04-10,0.0,2.0,99.77,0.1995,1,signal_flip,False
100555,EURUSD,SHORT,2025-04-14,0.0,2025-04-17,0.0,2.0,238.19,0.4764,3,signal_flip,False
100556,EURUSD,SHORT,2025-04-22,0.0,2025-04-23,0.0,2.0,740.96,1.4819,1,signal_flip,False
100557,EURUSD,SHORT,2025-04-24,0.0,2025-04-25,0.0,2.0,-10.56,-0.0211,1,signal_flip,False
100558,EURUSD,SHORT,2025-04-28,0.0,2025-04-29,0.0,2.0,-41.38,-0.0828,1,signal_flip,False
100559,GBPJPY,LONG,2025-04-29,0.0,2025-04-30,0.0,2.0,-56.99,-0.114,1,signal_flip,False
100560,EURUSD,SHORT,2025-04-30,0.0,2025-05-01,0.0,2.0,-11.18,-0.0224,1,signal_flip,False
100561,GBPJPY,LONG,2025-05-05,0.0,2025-05-06,0.0,2.0,-10.04,-0.0201,1,signal_flip,False
100562,EURUSD,SHORT,2025-05-08,0.0,2025-05-09,0.0,2.0,0.0,0.0,1,signal_flip,False
100563,GBPJPY,LONG,2025-05-12,0.0,2025-05-16,0.0,2.0,156.59,0.3132,4,signal_flip,False
100564,EURUSD,SHORT,2025-05-15,0.0,2025-05-16,0.0,2.0,-150.1,-0.3002,1,signal_flip,False
100565,EURUSD,SHORT,2025-05-21,0.0,2025-05-27,0.0,2.0,862.3,1.7246,6,signal_flip,False
100566,GBPJPY,LONG,2025-05-26,0.0,2025-06-02,0.0,2.0,1845.29,3.6906,7,signal_flip,False
100567,EURUSD,LONG,2025-05-30,0.0,2025-06-02,0.0,2.0,-106.17,-0.2123,3,signal_flip,False
100568,EURUSD,SHORT,2025-06-02,0.0,2025-06-05,0.0,2.0,225.72,0.4514,3,signal_flip,False
100569,GBPJPY,LONG,2025-06-05,0.0,2025-06-06,0.0,2.0,-15.39,-0.0308,1,signal_flip,False
100570,EURUSD,SHORT,2025-06-06,0.0,2025-06-10,0.0,2.0,390.21,0.7804,4,signal_flip,False
100571,GBPJPY,LONG,2025-06-09,0.0,2025-06-18,0.0,2.0,-492.35,-0.9847,9,signal_flip,False
100572,EURUSD,SHORT,2025-06-11,0.0,2025-06-20,0.0,2.0,-398.94,-0.7979,9,signal_flip,False
100573,GBPJPY,LONG,2025-06-23,0.0,2025-06-24,0.0,2.0,1212.24,2.4245,1,signal_flip,False
100575,GBPJPY,LONG,2025-06-25,0.0,2025-07-02,0.0,2.0,84.69,0.1694,7,signal_flip,False
100574,EURUSD,SHORT,2025-06-25,0.0,2025-07-01,0.0,2.0,264.96,0.5299,6,signal_flip,False
100576,EURUSD,SHORT,2025-07-08,0.0,2025-07-10,0.0,2.0,-122.59,-0.2452,2,signal_flip,False
100577,GBPJPY,LONG,2025-07-08,0.0,2025-07-23,0.0,2.0,1318.34,2.6367,15,signal_flip,False
100578,EURUSD,SHORT,2025-07-16,0.0,2025-07-21,0.0,2.0,-352.17,-0.7043,5,signal_flip,False
100579,EURUSD,LONG,2025-07-23,0.0,2025-07-29,0.0,2.0,989.02,1.978,6,signal_flip,False
100580,GBPJPY,LONG,2025-07-24,0.0,2025-07-30,0.0,2.0,993.38,1.9868,6,signal_flip,False
100581,EURUSD,LONG,2025-07-31,0.0,2025-08-04,0.0,2.0,38.73,0.0775,4,signal_flip,False
100582,EURUSD,LONG,2025-08-05,0.0,2025-08-08,0.0,2.0,-44.88,-0.0898,3,signal_flip,False
100583,GBPJPY,SHORT,2025-08-05,0.0,2025-08-11,0.0,2.0,-62.43,-0.1249,6,signal_flip,False
100584,EURUSD,SHORT,2025-08-11,0.0,2025-08-12,0.0,2.0,214.37,0.4287,1,signal_flip,False
100585,GBPJPY,LONG,2025-08-12,0.0,2025-08-22,0.0,2.0,555.54,1.1111,10,signal_flip,False
100586,EURUSD,LONG,2025-08-27,0.0,2025-09-02,0.0,2.0,513.46,1.0269,6,signal_flip,False
100587,GBPJPY,LONG,2025-08-28,0.0,2025-08-29,0.0,2.0,259.94,0.5199,1,signal_flip,False
100588,GBPJPY,SHORT,2025-09-02,0.0,2025-09-03,0.0,2.0,-13.46,-0.0269,1,signal_flip,False
100589,EURUSD,LONG,2025-09-05,0.0,2025-09-08,0.0,2.0,547.99,1.096,3,signal_flip,False
100591,GBPJPY,SHORT,2025-09-11,0.0,2025-09-12,0.0,2.0,144.35,0.2887,1,signal_flip,False
100590,EURUSD,LONG,2025-09-11,0.0,2025-09-17,0.0,2.0,1480.51,2.961,6,signal_flip,False
100592,EURUSD,LONG,2025-09-22,0.0,2025-09-24,0.0,2.0,7.98,0.016,2,signal_flip,False
100593,GBPJPY,SHORT,2025-09-23,0.0,2025-09-24,0.0,2.0,53.77,0.1075,1,signal_flip,False
100594,EURUSD,LONG,2025-09-25,0.0,2025-09-26,0.0,2.0,533.97,1.0679,1,signal_flip,False
100595,GBPJPY,LONG,2025-09-26,0.0,2025-10-01,0.0,2.0,-1282.6,-2.5652,5,signal_flip,False
100596,EURUSD,LONG,2025-10-01,0.0,2025-10-07,0.0,2.0,182.55,0.3651,6,signal_flip,False
100597,GBPJPY,SHORT,2025-10-02,0.0,2025-10-03,0.0,2.0,-57.9,-0.1158,1,signal_flip,False
100598,GBPJPY,LONG,2025-10-07,0.0,2025-10-08,0.0,2.0,539.59,1.0792,1,signal_flip,False
100599,EURUSD,SHORT,2025-10-09,0.0,2025-10-13,0.0,2.0,49.61,0.0992,4,signal_flip,False
100600,GBPJPY,LONG,2025-10-09,0.0,2025-10-13,0.0,2.0,49.61,0.0992,4,signal_flip,False
100601,EURUSD,LONG,2025-10-13,0.0,2025-10-14,0.0,2.0,0.0,0.0,1,signal_flip,False
100602,GBPJPY,LONG,2025-10-15,0.0,2025-10-16,0.0,2.0,491.9,0.9838,1,signal_flip,False
100603,EURUSD,LONG,2025-10-16,0.0,2025-10-20,0.0,2.0,-282.95,-0.5659,4,signal_flip,False
100605,GBPJPY,LONG,2025-10-21,0.0,2025-10-30,0.0,2.0,789.72,1.5794,9,signal_flip,False
100604,EURUSD,LONG,2025-10-21,0.0,2025-10-23,0.0,2.0,-7.98,-0.016,2,signal_flip,False
100606,EURUSD,LONG,2025-10-28,0.0,2025-10-31,0.0,2.0,1235.93,2.4719,3,signal_flip,False
100607,GBPJPY,LONG,2025-11-03,0.0,2025-11-06,0.0,2.0,189.7,0.3794,3,signal_flip,False
100608,EURUSD,SHORT,2025-11-04,0.0,2025-11-05,0.0,2.0,215.41,0.4308,1,signal_flip,False
100609,GBPJPY,SHORT,2025-11-07,0.0,2025-11-11,0.0,2.0,189.15,0.3783,4,signal_flip,False
100610,EURUSD,LONG,2025-11-10,0.0,2025-11-12,0.0,2.0,327.08,0.6542,2,signal_flip,False
100611,GBPJPY,LONG,2025-11-11,0.0,2026-01-20,0.0,2.0,8771.77,17.5435,70,signal_flip,False
100612,EURUSD,LONG,2025-11-13,0.0,2025-11-20,0.0,2.0,1130.74,2.2615,7,signal_flip,False
100613,EURUSD,LONG,2025-11-26,0.0,2025-12-01,0.0,2.0,551.27,1.1025,5,signal_flip,False
100614,EURUSD,LONG,2025-12-02,0.0,2025-12-05,0.0,2.0,379.33,0.7587,3,signal_flip,False
100615,EURUSD,LONG,2025-12-15,0.0,2025-12-23,0.0,2.0,1313.8,2.6276,8,signal_flip,False
100616,EURUSD,LONG,2025-12-26,0.0,2026-01-05,0.0,2.0,45.16,0.0903,10,signal_flip,False
100617,EURUSD,SHORT,2026-01-07,0.0,2026-01-08,0.0,2.0,-25.69,-0.0514,1,signal_flip,False
100618,EURUSD,SHORT,2026-01-09,0.0,2026-01-14,0.0,2.0,161.14,0.3223,5,signal_flip,False
100619,EURUSD,LONG,2026-01-14,0.0,2026-01-15,0.0,2.0,-275.89,-0.5518,1,signal_flip,False
100620,EURUSD,LONG,2026-01-16,0.0,2026-01-20,0.0,2.0,-301.69,-0.6034,4,signal_flip,False
100621,EURUSD,LONG,2026-01-21,0.0,2026-01-26,0.0,2.0,1044.07,2.0881,5,signal_flip,False
100622,GBPJPY,LONG,2026-01-22,0.0,2026-01-27,0.0,2.0,1012.17,2.0243,5,signal_flip,False
100623,EURUSD,LONG,2026-01-27,0.0,2026-02-05,0.0,2.0,1771.95,3.5439,9,signal_flip,False
100624,GBPJPY,SHORT,2026-01-28,0.0,2026-01-29,0.0,2.0,-6.73,-0.0135,1,signal_flip,False
100625,GBPJPY,LONG,2026-02-02,0.0,2026-02-09,0.0,2.0,-2099.86,-4.1997,7,signal_flip,False
100626,EURUSD,LONG,2026-02-10,0.0,2026-02-11,0.0,2.0,-30.66,-0.0613,1,signal_flip,False
100627,EURUSD,LONG,2026-02-12,0.0,2026-02-23,0.0,2.0,-149.14,-0.2983,11,signal_flip,False
100628,GBPJPY,SHORT,2026-02-12,0.0,2026-02-24,0.0,2.0,-149.14,-0.2983,12,signal_flip,False
100629,EURUSD,LONG,2026-02-24,0.0,2026-02-25,0.0,2.0,0.0,0.0,1,signal_flip,False
100630,GBPJPY,SHORT,2026-02-25,0.0,2026-02-26,0.0,2.0,549.4,1.0988,1,signal_flip,False
100631,EURUSD,LONG,2026-02-26,0.0,2026-03-04,0.0,2.0,-615.46,-1.2309,6,signal_flip,False
100632,GBPJPY,LONG,2026-02-26,0.0,2026-02-27,0.0,2.0,-87.16,-0.1743,1,signal_flip,False
100633,GBPJPY,SHORT,2026-03-02,0.0,2026-03-04,0.0,2.0,-8.08,-0.0162,2,signal_flip,False
100634,GBPJPY,SHORT,2026-03-06,0.0,2026-03-09,0.0,2.0,1148.61,2.2972,3,signal_flip,False
100635,GBPJPY,LONG,2026-03-10,0.0,2026-03-31,0.0,2.0,-275.46,-0.5509,21,signal_flip,False
100636,EURUSD,SHORT,2026-03-23,0.0,2026-03-24,0.0,2.0,202.58,0.4052,1,signal_flip,False
100637,EURUSD,LONG,2026-03-24,0.0,2026-03-25,0.0,2.0,-44.78,-0.0896,1,signal_flip,False
100638,EURUSD,SHORT,2026-03-25,0.0,2026-03-31,0.0,2.0,-303.79,-0.6076,6,signal_flip,False
100639,GBPJPY,SHORT,2026-04-01,0.0,2026-04-02,0.0,2.0,830.2,1.6604,1,signal_flip,False
100640,EURUSD,SHORT,2026-04-06,0.0,2026-04-07,0.0,2.0,245.65,0.4913,1,signal_flip,False
100641,GBPJPY,LONG,2026-04-06,0.0,2026-04-07,0.0,2.0,245.65,0.4913,1,signal_flip,False
100642,GBPJPY,LONG,2026-04-08,0.0,2026-04-17,0.0,2.0,2299.47,4.5989,9,end_of_window,False
100643,EURUSD,SHORT,2026-04-14,0.0,2026-04-16,0.0,2.0,131.46,0.2629,2,signal_flip,False
